sample_id,folder,filename,exists,size_bytes,md5
000000,calib,000000.txt,True,1620,
000000,image,000000.png,True,893783,
000000,label,000000.txt,True,86,
000000,velodyne,000000.bin,True,1846144,0382e72af1b2f8f8831c4434173aed04
000000,velodyne_reduced,000000.bin,True,324560,
000001,calib,000001.txt,True,1619,
000001,image,000001.png,True,735973,
000001,label,000001.txt,True,570,
000001,velodyne,000001.bin,True,1924288,06b5be243911ae118194f6bf3365e2e7
000001,velodyne_reduced,000001.bin,True,298080,
000002,calib,000002.txt,True,1617,
000002,image,000002.png,True,767111,
000002,label,000002.txt,True,164,
000002,velodyne,000002.bin,True,2030256,d9a0c434d7c8c89f98472ec18c271d91
000002,velodyne_reduced,000002.bin,True,323360,
000003,calib,000003.txt,True,1617,
000003,image,000003.png,True,834742,
000003,label,000003.txt,True,235,
000003,velodyne,000003.bin,True,1809760,d809a9da48e5c3a0743a3cb2fa1265b7
000003,velodyne_reduced,000003.bin,True,302576,
000004,calib,000004.txt,True,1617,
000004,image,000004.png,True,846037,
000004,label,000004.txt,True,561,
000004,velodyne,000004.bin,True,1855616,070acdc728908baf122582a4dcfd8ba2
000004,velodyne_reduced,000004.bin,True,305008,
000005,calib,000005.txt,True,1617,
000005,image,000005.png,True,779239,
000005,label,000005.txt,True,403,
000005,velodyne,000005.bin,True,2001376,5904ce768f44a02e1d62e50d67bc7896
000005,velodyne_reduced,000005.bin,True,319392,
000006,calib,000006.txt,True,1620,
000006,image,000006.png,True,748992,
000006,label,000006.txt,True,491,
000006,velodyne,000006.bin,True,1761424,980ad8e11e783cfc214c565a9db2b5bd
000006,velodyne_reduced,000006.bin,True,311568,
000007,calib,000007.txt,True,1617,
000007,image,000007.png,True,814308,
000007,label,000007.txt,True,491,
000007,velodyne,000007.bin,True,1964768,77f1b823c1b714e38d4f74cb19651f0e
000007,velodyne_reduced,000007.bin,True,310768,
000008,calib,000008.txt,True,1617,
000008,image,000008.png,True,886551,
000008,label,000008.txt,True,806,
000008,velodyne,000008.bin,True,1960880,ecdd8625c7c5be47c04e9c111a030871
000008,velodyne_reduced,000008.bin,True,275808,
000009,calib,000009.txt,True,1617,
000009,image,000009.png,True,751971,
000009,label,000009.txt,True,402,
000009,velodyne,000009.bin,True,1982848,1e2f5bb3c388ba25fc81cf3817a492eb
000009,velodyne_reduced,000009.bin,True,310576,
