sample_id,corruption,severity,seed,metric,range_min_m,range_max_m,value,unit
000000,baseline,0,,point_count,0,10,81353,STUB_PENDING_PERSON2
000000,baseline,0,,point_count,10,20,28161,STUB_PENDING_PERSON2
000000,baseline,0,,point_count,20,40,4845,STUB_PENDING_PERSON2
000000,baseline,0,,point_count,40,80,1025,STUB_PENDING_PERSON2
000000,density_decrease,1,42,point_count,0,10,76471,STUB_PENDING_PERSON2
000000,density_decrease,1,42,retention_percent,0,10,93.99899204700503,STUB_PENDING_PERSON2
000000,density_decrease,1,42,point_count,10,20,26488,STUB_PENDING_PERSON2
000000,density_decrease,1,42,retention_percent,10,20,94.05915983097191,STUB_PENDING_PERSON2
000000,density_decrease,1,42,point_count,20,40,4551,STUB_PENDING_PERSON2
000000,density_decrease,1,42,retention_percent,20,40,93.93188854489163,STUB_PENDING_PERSON2
000000,density_decrease,1,42,point_count,40,80,951,STUB_PENDING_PERSON2
000000,density_decrease,1,42,retention_percent,40,80,92.78048780487805,STUB_PENDING_PERSON2
000000,density_decrease,1,43,point_count,0,10,76474,STUB_PENDING_PERSON2
000000,density_decrease,1,43,retention_percent,0,10,94.00267967991347,STUB_PENDING_PERSON2
000000,density_decrease,1,43,point_count,10,20,26463,STUB_PENDING_PERSON2
000000,density_decrease,1,43,retention_percent,10,20,93.97038457441143,STUB_PENDING_PERSON2
000000,density_decrease,1,43,point_count,20,40,4554,STUB_PENDING_PERSON2
000000,density_decrease,1,43,retention_percent,20,40,93.9938080495356,STUB_PENDING_PERSON2
000000,density_decrease,1,43,point_count,40,80,970,STUB_PENDING_PERSON2
000000,density_decrease,1,43,retention_percent,40,80,94.63414634146342,STUB_PENDING_PERSON2
000000,density_decrease,1,44,point_count,0,10,76454,STUB_PENDING_PERSON2
000000,density_decrease,1,44,retention_percent,0,10,93.97809546052389,STUB_PENDING_PERSON2
000000,density_decrease,1,44,point_count,10,20,26496,STUB_PENDING_PERSON2
000000,density_decrease,1,44,retention_percent,10,20,94.08756791307127,STUB_PENDING_PERSON2
000000,density_decrease,1,44,point_count,20,40,4542,STUB_PENDING_PERSON2
000000,density_decrease,1,44,retention_percent,20,40,93.74613003095975,STUB_PENDING_PERSON2
000000,density_decrease,1,44,point_count,40,80,969,STUB_PENDING_PERSON2
000000,density_decrease,1,44,retention_percent,40,80,94.53658536585365,STUB_PENDING_PERSON2
000000,density_decrease,2,42,point_count,0,10,71581,STUB_PENDING_PERSON2
000000,density_decrease,2,42,retention_percent,0,10,87.98815040625422,STUB_PENDING_PERSON2
000000,density_decrease,2,42,point_count,10,20,24786,STUB_PENDING_PERSON2
000000,density_decrease,2,42,retention_percent,10,20,88.01534036433365,STUB_PENDING_PERSON2
000000,density_decrease,2,42,point_count,20,40,4269,STUB_PENDING_PERSON2
000000,density_decrease,2,42,retention_percent,20,40,88.11145510835914,STUB_PENDING_PERSON2
000000,density_decrease,2,42,point_count,40,80,902,STUB_PENDING_PERSON2
000000,density_decrease,2,42,retention_percent,40,80,88.0,STUB_PENDING_PERSON2
000000,density_decrease,2,43,point_count,0,10,71570,STUB_PENDING_PERSON2
000000,density_decrease,2,43,retention_percent,0,10,87.97462908558995,STUB_PENDING_PERSON2
000000,density_decrease,2,43,point_count,10,20,24784,STUB_PENDING_PERSON2
000000,density_decrease,2,43,retention_percent,10,20,88.00823834380881,STUB_PENDING_PERSON2
000000,density_decrease,2,43,point_count,20,40,4258,STUB_PENDING_PERSON2
000000,density_decrease,2,43,retention_percent,20,40,87.8844169246646,STUB_PENDING_PERSON2
000000,density_decrease,2,43,point_count,40,80,926,STUB_PENDING_PERSON2
000000,density_decrease,2,43,retention_percent,40,80,90.34146341463415,STUB_PENDING_PERSON2
000000,density_decrease,2,44,point_count,0,10,71540,STUB_PENDING_PERSON2
000000,density_decrease,2,44,retention_percent,0,10,87.9377527565056,STUB_PENDING_PERSON2
000000,density_decrease,2,44,point_count,10,20,24817,STUB_PENDING_PERSON2
000000,density_decrease,2,44,retention_percent,10,20,88.12542168246867,STUB_PENDING_PERSON2
000000,density_decrease,2,44,point_count,20,40,4280,STUB_PENDING_PERSON2
000000,density_decrease,2,44,retention_percent,20,40,88.33849329205367,STUB_PENDING_PERSON2
000000,density_decrease,2,44,point_count,40,80,901,STUB_PENDING_PERSON2
000000,density_decrease,2,44,retention_percent,40,80,87.90243902439025,STUB_PENDING_PERSON2
000000,density_decrease,3,42,point_count,0,10,66762,STUB_PENDING_PERSON2
000000,density_decrease,3,42,retention_percent,0,10,82.0645827443364,STUB_PENDING_PERSON2
000000,density_decrease,3,42,point_count,10,20,23043,STUB_PENDING_PERSON2
000000,density_decrease,3,42,retention_percent,10,20,81.82592947693618,STUB_PENDING_PERSON2
000000,density_decrease,3,42,point_count,20,40,3959,STUB_PENDING_PERSON2
000000,density_decrease,3,42,retention_percent,20,40,81.71310629514964,STUB_PENDING_PERSON2
000000,density_decrease,3,42,point_count,40,80,851,STUB_PENDING_PERSON2
000000,density_decrease,3,42,retention_percent,40,80,83.02439024390245,STUB_PENDING_PERSON2
000000,density_decrease,3,43,point_count,0,10,66666,STUB_PENDING_PERSON2
000000,density_decrease,3,43,retention_percent,0,10,81.94657849126645,STUB_PENDING_PERSON2
000000,density_decrease,3,43,point_count,10,20,23120,STUB_PENDING_PERSON2
000000,density_decrease,3,43,retention_percent,10,20,82.09935726714251,STUB_PENDING_PERSON2
000000,density_decrease,3,43,point_count,20,40,3959,STUB_PENDING_PERSON2
000000,density_decrease,3,43,retention_percent,20,40,81.71310629514964,STUB_PENDING_PERSON2
000000,density_decrease,3,43,point_count,40,80,870,STUB_PENDING_PERSON2
000000,density_decrease,3,43,retention_percent,40,80,84.8780487804878,STUB_PENDING_PERSON2
000000,density_decrease,3,44,point_count,0,10,66648,STUB_PENDING_PERSON2
000000,density_decrease,3,44,retention_percent,0,10,81.92445269381584,STUB_PENDING_PERSON2
000000,density_decrease,3,44,point_count,10,20,23121,STUB_PENDING_PERSON2
000000,density_decrease,3,44,retention_percent,10,20,82.10290827740492,STUB_PENDING_PERSON2
000000,density_decrease,3,44,point_count,20,40,3998,STUB_PENDING_PERSON2
000000,density_decrease,3,44,retention_percent,20,40,82.51805985552116,STUB_PENDING_PERSON2
000000,density_decrease,3,44,point_count,40,80,848,STUB_PENDING_PERSON2
000000,density_decrease,3,44,retention_percent,40,80,82.73170731707317,STUB_PENDING_PERSON2
000000,density_decrease,4,42,point_count,0,10,61834,STUB_PENDING_PERSON2
000000,density_decrease,4,42,retention_percent,0,10,76.00703108674541,STUB_PENDING_PERSON2
000000,density_decrease,4,42,point_count,10,20,21376,STUB_PENDING_PERSON2
000000,density_decrease,4,42,retention_percent,10,20,75.90639536948262,STUB_PENDING_PERSON2
000000,density_decrease,4,42,point_count,20,40,3690,STUB_PENDING_PERSON2
000000,density_decrease,4,42,retention_percent,20,40,76.16099071207431,STUB_PENDING_PERSON2
000000,density_decrease,4,42,point_count,40,80,792,STUB_PENDING_PERSON2
000000,density_decrease,4,42,retention_percent,40,80,77.26829268292683,STUB_PENDING_PERSON2
000000,density_decrease,4,43,point_count,0,10,61746,STUB_PENDING_PERSON2
000000,density_decrease,4,43,retention_percent,0,10,75.89886052143129,STUB_PENDING_PERSON2
000000,density_decrease,4,43,point_count,10,20,21474,STUB_PENDING_PERSON2
000000,density_decrease,4,43,retention_percent,10,20,76.25439437519974,STUB_PENDING_PERSON2
000000,density_decrease,4,43,point_count,20,40,3668,STUB_PENDING_PERSON2
000000,density_decrease,4,43,retention_percent,20,40,75.70691434468525,STUB_PENDING_PERSON2
000000,density_decrease,4,43,point_count,40,80,804,STUB_PENDING_PERSON2
000000,density_decrease,4,43,retention_percent,40,80,78.4390243902439,STUB_PENDING_PERSON2
000000,density_decrease,4,44,point_count,0,10,61730,STUB_PENDING_PERSON2
000000,density_decrease,4,44,retention_percent,0,10,75.87919314591963,STUB_PENDING_PERSON2
000000,density_decrease,4,44,point_count,10,20,21474,STUB_PENDING_PERSON2
000000,density_decrease,4,44,retention_percent,10,20,76.25439437519974,STUB_PENDING_PERSON2
000000,density_decrease,4,44,point_count,20,40,3691,STUB_PENDING_PERSON2
000000,density_decrease,4,44,retention_percent,20,40,76.18163054695563,STUB_PENDING_PERSON2
000000,density_decrease,4,44,point_count,40,80,797,STUB_PENDING_PERSON2
000000,density_decrease,4,44,retention_percent,40,80,77.7560975609756,STUB_PENDING_PERSON2
000000,density_decrease,5,42,point_count,0,10,56932,STUB_PENDING_PERSON2
000000,density_decrease,5,42,retention_percent,0,10,69.98143891436087,STUB_PENDING_PERSON2
000000,density_decrease,5,42,point_count,10,20,19706,STUB_PENDING_PERSON2
000000,density_decrease,5,42,retention_percent,10,20,69.97620823124178,STUB_PENDING_PERSON2
000000,density_decrease,5,42,point_count,20,40,3392,STUB_PENDING_PERSON2
000000,density_decrease,5,42,retention_percent,20,40,70.01031991744065,STUB_PENDING_PERSON2
000000,density_decrease,5,42,point_count,40,80,739,STUB_PENDING_PERSON2
000000,density_decrease,5,42,retention_percent,40,80,72.09756097560975,STUB_PENDING_PERSON2
000000,density_decrease,5,43,point_count,0,10,56897,STUB_PENDING_PERSON2
000000,density_decrease,5,43,retention_percent,0,10,69.93841653042912,STUB_PENDING_PERSON2
000000,density_decrease,5,43,point_count,10,20,19720,STUB_PENDING_PERSON2
000000,density_decrease,5,43,retention_percent,10,20,70.02592237491567,STUB_PENDING_PERSON2
000000,density_decrease,5,43,point_count,20,40,3395,STUB_PENDING_PERSON2
000000,density_decrease,5,43,retention_percent,20,40,70.07223942208462,STUB_PENDING_PERSON2
000000,density_decrease,5,43,point_count,40,80,757,STUB_PENDING_PERSON2
000000,density_decrease,5,43,retention_percent,40,80,73.85365853658537,STUB_PENDING_PERSON2
000000,density_decrease,5,44,point_count,0,10,56893,STUB_PENDING_PERSON2
000000,density_decrease,5,44,retention_percent,0,10,69.9334996865512,STUB_PENDING_PERSON2
000000,density_decrease,5,44,point_count,10,20,19753,STUB_PENDING_PERSON2
000000,density_decrease,5,44,retention_percent,10,20,70.14310571357551,STUB_PENDING_PERSON2
000000,density_decrease,5,44,point_count,20,40,3398,STUB_PENDING_PERSON2
000000,density_decrease,5,44,retention_percent,20,40,70.13415892672859,STUB_PENDING_PERSON2
000000,density_decrease,5,44,point_count,40,80,725,STUB_PENDING_PERSON2
000000,density_decrease,5,44,retention_percent,40,80,70.73170731707317,STUB_PENDING_PERSON2
000000,gaussian_noise,1,42,point_count,0,10,81358,STUB_PENDING_PERSON2
000000,gaussian_noise,1,42,xyz_rmse_m,0,10,0.0346623957157135,STUB_PENDING_PERSON2
000000,gaussian_noise,1,42,point_count,10,20,28155,STUB_PENDING_PERSON2
000000,gaussian_noise,1,42,xyz_rmse_m,10,20,0.03470507636666298,STUB_PENDING_PERSON2
000000,gaussian_noise,1,42,point_count,20,40,4847,STUB_PENDING_PERSON2
000000,gaussian_noise,1,42,xyz_rmse_m,20,40,0.03470280393958092,STUB_PENDING_PERSON2
000000,gaussian_noise,1,42,point_count,40,80,1024,STUB_PENDING_PERSON2
000000,gaussian_noise,1,42,xyz_rmse_m,40,80,0.03408114239573479,STUB_PENDING_PERSON2
000000,gaussian_noise,1,43,point_count,0,10,81364,STUB_PENDING_PERSON2
000000,gaussian_noise,1,43,xyz_rmse_m,0,10,0.0346219502389431,STUB_PENDING_PERSON2
000000,gaussian_noise,1,43,point_count,10,20,28146,STUB_PENDING_PERSON2
000000,gaussian_noise,1,43,xyz_rmse_m,10,20,0.03468144312500954,STUB_PENDING_PERSON2
000000,gaussian_noise,1,43,point_count,20,40,4849,STUB_PENDING_PERSON2
000000,gaussian_noise,1,43,xyz_rmse_m,20,40,0.03465619683265686,STUB_PENDING_PERSON2
000000,gaussian_noise,1,43,point_count,40,80,1025,STUB_PENDING_PERSON2
000000,gaussian_noise,1,43,xyz_rmse_m,40,80,0.034415457397699356,STUB_PENDING_PERSON2
000000,gaussian_noise,1,44,point_count,0,10,81358,STUB_PENDING_PERSON2
000000,gaussian_noise,1,44,xyz_rmse_m,0,10,0.03458094224333763,STUB_PENDING_PERSON2
000000,gaussian_noise,1,44,point_count,10,20,28154,STUB_PENDING_PERSON2
000000,gaussian_noise,1,44,xyz_rmse_m,10,20,0.03481945022940636,STUB_PENDING_PERSON2
000000,gaussian_noise,1,44,point_count,20,40,4847,STUB_PENDING_PERSON2
000000,gaussian_noise,1,44,xyz_rmse_m,20,40,0.03457362949848175,STUB_PENDING_PERSON2
000000,gaussian_noise,1,44,point_count,40,80,1025,STUB_PENDING_PERSON2
000000,gaussian_noise,1,44,xyz_rmse_m,40,80,0.03515224531292915,STUB_PENDING_PERSON2
000000,gaussian_noise,2,42,point_count,0,10,81355,STUB_PENDING_PERSON2
000000,gaussian_noise,2,42,xyz_rmse_m,0,10,0.0693247839808464,STUB_PENDING_PERSON2
000000,gaussian_noise,2,42,point_count,10,20,28155,STUB_PENDING_PERSON2
000000,gaussian_noise,2,42,xyz_rmse_m,10,20,0.06941015273332596,STUB_PENDING_PERSON2
000000,gaussian_noise,2,42,point_count,20,40,4850,STUB_PENDING_PERSON2
000000,gaussian_noise,2,42,xyz_rmse_m,20,40,0.06940561532974243,STUB_PENDING_PERSON2
000000,gaussian_noise,2,42,point_count,40,80,1024,STUB_PENDING_PERSON2
000000,gaussian_noise,2,42,xyz_rmse_m,40,80,0.06816226243972778,STUB_PENDING_PERSON2
000000,gaussian_noise,2,43,point_count,0,10,81365,STUB_PENDING_PERSON2
000000,gaussian_noise,2,43,xyz_rmse_m,0,10,0.0692439004778862,STUB_PENDING_PERSON2
000000,gaussian_noise,2,43,point_count,10,20,28141,STUB_PENDING_PERSON2
000000,gaussian_noise,2,43,xyz_rmse_m,10,20,0.06936289370059967,STUB_PENDING_PERSON2
000000,gaussian_noise,2,43,point_count,20,40,4853,STUB_PENDING_PERSON2
000000,gaussian_noise,2,43,xyz_rmse_m,20,40,0.06931239366531372,STUB_PENDING_PERSON2
000000,gaussian_noise,2,43,point_count,40,80,1025,STUB_PENDING_PERSON2
000000,gaussian_noise,2,43,xyz_rmse_m,40,80,0.06883078813552856,STUB_PENDING_PERSON2
000000,gaussian_noise,2,44,point_count,0,10,81351,STUB_PENDING_PERSON2
000000,gaussian_noise,2,44,xyz_rmse_m,0,10,0.06916188448667526,STUB_PENDING_PERSON2
000000,gaussian_noise,2,44,point_count,10,20,28161,STUB_PENDING_PERSON2
000000,gaussian_noise,2,44,xyz_rmse_m,10,20,0.06963889300823212,STUB_PENDING_PERSON2
000000,gaussian_noise,2,44,point_count,20,40,4847,STUB_PENDING_PERSON2
000000,gaussian_noise,2,44,xyz_rmse_m,20,40,0.0691472738981247,STUB_PENDING_PERSON2
000000,gaussian_noise,2,44,point_count,40,80,1025,STUB_PENDING_PERSON2
000000,gaussian_noise,2,44,xyz_rmse_m,40,80,0.07030445337295532,STUB_PENDING_PERSON2
000000,gaussian_noise,3,42,point_count,0,10,81365,STUB_PENDING_PERSON2
000000,gaussian_noise,3,42,xyz_rmse_m,0,10,0.1039871796965599,STUB_PENDING_PERSON2
000000,gaussian_noise,3,42,point_count,10,20,28147,STUB_PENDING_PERSON2
000000,gaussian_noise,3,42,xyz_rmse_m,10,20,0.10411522537469864,STUB_PENDING_PERSON2
000000,gaussian_noise,3,42,point_count,20,40,4848,STUB_PENDING_PERSON2
000000,gaussian_noise,3,42,xyz_rmse_m,20,40,0.10410842299461365,STUB_PENDING_PERSON2
000000,gaussian_noise,3,42,point_count,40,80,1024,STUB_PENDING_PERSON2
000000,gaussian_noise,3,42,xyz_rmse_m,40,80,0.10224341601133347,STUB_PENDING_PERSON2
000000,gaussian_noise,3,43,point_count,0,10,81363,STUB_PENDING_PERSON2
000000,gaussian_noise,3,43,xyz_rmse_m,0,10,0.103865846991539,STUB_PENDING_PERSON2
000000,gaussian_noise,3,43,point_count,10,20,28144,STUB_PENDING_PERSON2
000000,gaussian_noise,3,43,xyz_rmse_m,10,20,0.10404433310031891,STUB_PENDING_PERSON2
000000,gaussian_noise,3,43,point_count,20,40,4852,STUB_PENDING_PERSON2
000000,gaussian_noise,3,43,xyz_rmse_m,20,40,0.10396858304738998,STUB_PENDING_PERSON2
000000,gaussian_noise,3,43,point_count,40,80,1025,STUB_PENDING_PERSON2
000000,gaussian_noise,3,43,xyz_rmse_m,40,80,0.10324623435735703,STUB_PENDING_PERSON2
000000,gaussian_noise,3,44,point_count,0,10,81360,STUB_PENDING_PERSON2
000000,gaussian_noise,3,44,xyz_rmse_m,0,10,0.10374283045530319,STUB_PENDING_PERSON2
000000,gaussian_noise,3,44,point_count,10,20,28148,STUB_PENDING_PERSON2
000000,gaussian_noise,3,44,xyz_rmse_m,10,20,0.10445835441350937,STUB_PENDING_PERSON2
000000,gaussian_noise,3,44,point_count,20,40,4851,STUB_PENDING_PERSON2
000000,gaussian_noise,3,44,xyz_rmse_m,20,40,0.10372091084718704,STUB_PENDING_PERSON2
000000,gaussian_noise,3,44,point_count,40,80,1025,STUB_PENDING_PERSON2
000000,gaussian_noise,3,44,xyz_rmse_m,40,80,0.10545672476291656,STUB_PENDING_PERSON2
000000,gaussian_noise,4,42,point_count,0,10,81357,STUB_PENDING_PERSON2
000000,gaussian_noise,4,42,xyz_rmse_m,0,10,0.1386495679616928,STUB_PENDING_PERSON2
000000,gaussian_noise,4,42,point_count,10,20,28149,STUB_PENDING_PERSON2
000000,gaussian_noise,4,42,xyz_rmse_m,10,20,0.13882030546665192,STUB_PENDING_PERSON2
000000,gaussian_noise,4,42,point_count,20,40,4855,STUB_PENDING_PERSON2
000000,gaussian_noise,4,42,xyz_rmse_m,20,40,0.13881121575832367,STUB_PENDING_PERSON2
000000,gaussian_noise,4,42,point_count,40,80,1023,STUB_PENDING_PERSON2
000000,gaussian_noise,4,42,xyz_rmse_m,40,80,0.13632455468177795,STUB_PENDING_PERSON2
000000,gaussian_noise,4,43,point_count,0,10,81367,STUB_PENDING_PERSON2
000000,gaussian_noise,4,43,xyz_rmse_m,0,10,0.1384878009557724,STUB_PENDING_PERSON2
000000,gaussian_noise,4,43,point_count,10,20,28137,STUB_PENDING_PERSON2
000000,gaussian_noise,4,43,xyz_rmse_m,10,20,0.13872577250003815,STUB_PENDING_PERSON2
000000,gaussian_noise,4,43,point_count,20,40,4855,STUB_PENDING_PERSON2
000000,gaussian_noise,4,43,xyz_rmse_m,20,40,0.13862478733062744,STUB_PENDING_PERSON2
000000,gaussian_noise,4,43,point_count,40,80,1025,STUB_PENDING_PERSON2
000000,gaussian_noise,4,43,xyz_rmse_m,40,80,0.13766154646873474,STUB_PENDING_PERSON2
000000,gaussian_noise,4,44,point_count,0,10,81350,STUB_PENDING_PERSON2
000000,gaussian_noise,4,44,xyz_rmse_m,0,10,0.13832376897335052,STUB_PENDING_PERSON2
000000,gaussian_noise,4,44,point_count,10,20,28159,STUB_PENDING_PERSON2
000000,gaussian_noise,4,44,xyz_rmse_m,10,20,0.13927780091762543,STUB_PENDING_PERSON2
000000,gaussian_noise,4,44,point_count,20,40,4850,STUB_PENDING_PERSON2
000000,gaussian_noise,4,44,xyz_rmse_m,20,40,0.1382945328950882,STUB_PENDING_PERSON2
000000,gaussian_noise,4,44,point_count,40,80,1025,STUB_PENDING_PERSON2
000000,gaussian_noise,4,44,xyz_rmse_m,40,80,0.14060889184474945,STUB_PENDING_PERSON2
000000,gaussian_noise,5,42,point_count,0,10,81369,STUB_PENDING_PERSON2
000000,gaussian_noise,5,42,xyz_rmse_m,0,10,0.1733119636774063,STUB_PENDING_PERSON2
000000,gaussian_noise,5,42,point_count,10,20,28134,STUB_PENDING_PERSON2
000000,gaussian_noise,5,42,xyz_rmse_m,10,20,0.1735253632068634,STUB_PENDING_PERSON2
000000,gaussian_noise,5,42,point_count,20,40,4859,STUB_PENDING_PERSON2
000000,gaussian_noise,5,42,xyz_rmse_m,20,40,0.17351403832435608,STUB_PENDING_PERSON2
000000,gaussian_noise,5,42,point_count,40,80,1022,STUB_PENDING_PERSON2
000000,gaussian_noise,5,42,xyz_rmse_m,40,80,0.17040571570396423,STUB_PENDING_PERSON2
000000,gaussian_noise,5,43,point_count,0,10,81371,STUB_PENDING_PERSON2
000000,gaussian_noise,5,43,xyz_rmse_m,0,10,0.1731097400188446,STUB_PENDING_PERSON2
000000,gaussian_noise,5,43,point_count,10,20,28129,STUB_PENDING_PERSON2
000000,gaussian_noise,5,43,xyz_rmse_m,10,20,0.17340721189975739,STUB_PENDING_PERSON2
000000,gaussian_noise,5,43,point_count,20,40,4859,STUB_PENDING_PERSON2
000000,gaussian_noise,5,43,xyz_rmse_m,20,40,0.1732809692621231,STUB_PENDING_PERSON2
000000,gaussian_noise,5,43,point_count,40,80,1025,STUB_PENDING_PERSON2
000000,gaussian_noise,5,43,xyz_rmse_m,40,80,0.17207695543766022,STUB_PENDING_PERSON2
000000,gaussian_noise,5,44,point_count,0,10,81360,STUB_PENDING_PERSON2
000000,gaussian_noise,5,44,xyz_rmse_m,0,10,0.17290471494197845,STUB_PENDING_PERSON2
000000,gaussian_noise,5,44,point_count,10,20,28152,STUB_PENDING_PERSON2
000000,gaussian_noise,5,44,xyz_rmse_m,10,20,0.17409725487232208,STUB_PENDING_PERSON2
000000,gaussian_noise,5,44,point_count,20,40,4847,STUB_PENDING_PERSON2
000000,gaussian_noise,5,44,xyz_rmse_m,20,40,0.17286816239356995,STUB_PENDING_PERSON2
000000,gaussian_noise,5,44,point_count,40,80,1025,STUB_PENDING_PERSON2
000000,gaussian_noise,5,44,xyz_rmse_m,40,80,0.1757611483335495,STUB_PENDING_PERSON2
