corruption,severity,metric,range_min_m,range_max_m,unit,mean_across_samples,std_across_samples,n_valid_samples
baseline,0,point_count,0.0,10.0,points/bin,67595.8,17261.072509487287,10
baseline,0,point_count,10.0,20.0,points/bin,33703.7,10821.768422438585,10
baseline,0,point_count,20.0,40.0,points/bin,14426.6,7085.072087769389,10
baseline,0,point_count,40.0,80.0,points/bin,3882.4,2049.880549365418,10
baseline,0,point_count,80.0,,points/bin,0.0,0.0,10
baseline,0,xyz_rmse_m,,,metres,0.0,0.0,10
baseline,0,xyz_rmse_m,0.0,10.0,metres,0.0,0.0,10
baseline,0,xyz_rmse_m,10.0,20.0,metres,0.0,0.0,10
baseline,0,xyz_rmse_m,20.0,40.0,metres,0.0,0.0,10
baseline,0,xyz_rmse_m,40.0,80.0,metres,0.0,0.0,10
baseline,0,xyz_rmse_m,80.0,,metres,,,0
density_decrease,1,point_count,0.0,10.0,points/bin,63522.0,16231.208947617997,10
density_decrease,1,point_count,10.0,20.0,points/bin,31687.533333333333,10174.046093181063,10
density_decrease,1,point_count,20.0,40.0,points/bin,13571.3,6671.729330392885,10
density_decrease,1,point_count,40.0,80.0,points/bin,3651.5666666666666,1928.435603741483,10
density_decrease,1,point_count,80.0,,points/bin,0.0,0.0,10
density_decrease,1,retention_percent,,,percent,94.00034238872499,0.00022744334984821048,10
density_decrease,1,retention_percent,0.0,10.0,percent,93.97094527685411,0.02523686851818432,10
density_decrease,1,retention_percent,10.0,20.0,percent,94.01722116167258,0.05213092260613905,10
density_decrease,1,retention_percent,20.0,40.0,percent,94.04111912958464,0.12044818153693297,10
density_decrease,1,retention_percent,40.0,80.0,percent,94.06301554544994,0.12271969111847775,10
density_decrease,1,retention_percent,80.0,,percent,,,0
density_decrease,2,point_count,0.0,10.0,points/bin,59466.366666666676,15204.171890481528,10
density_decrease,2,point_count,10.0,20.0,points/bin,29665.833333333332,9532.427180775634,10
density_decrease,2,point_count,20.0,40.0,points/bin,12704.966666666665,6247.698561850842,10
density_decrease,2,point_count,40.0,80.0,points/bin,3418.8333333333335,1802.6862620154566,10
density_decrease,2,point_count,80.0,,points/bin,0.0,0.0,10
density_decrease,2,retention_percent,,,percent,88.00043424137131,0.00029448313918072267,10
density_decrease,2,retention_percent,0.0,10.0,percent,87.96950731565938,0.038888513250833506,10
density_decrease,2,retention_percent,10.0,20.0,percent,88.00252317608611,0.1041580876528027,10
density_decrease,2,retention_percent,20.0,40.0,percent,88.03872035892866,0.17880423281456656,10
density_decrease,2,retention_percent,40.0,80.0,percent,88.13629212869509,0.34201140703246335,10
density_decrease,2,retention_percent,80.0,,percent,,,0
density_decrease,3,point_count,0.0,10.0,points/bin,55421.966666666674,14178.672861374458,10
density_decrease,3,point_count,10.0,20.0,points/bin,27636.8,8888.68141452313,10
density_decrease,3,point_count,20.0,40.0,points/bin,11838.633333333335,5831.281580862705,10
density_decrease,3,point_count,40.0,80.0,points/bin,3182.2,1671.7664066844143,10
density_decrease,3,point_count,80.0,,points/bin,0.0,0.0,10
density_decrease,3,retention_percent,,,percent,82.0005301630134,0.00027778538860295484,10
density_decrease,3,retention_percent,0.0,10.0,percent,81.983286899221,0.052174087214820954,10
density_decrease,3,retention_percent,10.0,20.0,percent,81.96972401384818,0.17059491437227467,10
density_decrease,3,retention_percent,20.0,40.0,percent,81.99402235807376,0.22521944336039695,10
density_decrease,3,retention_percent,40.0,80.0,percent,82.14745028509654,0.5813831347910751,10
density_decrease,3,retention_percent,80.0,,percent,,,0
density_decrease,4,point_count,0.0,10.0,points/bin,51336.73333333333,13148.256969210599,10
density_decrease,4,point_count,10.0,20.0,points/bin,25632.43333333333,8237.042923567373,10
density_decrease,4,point_count,20.0,40.0,points/bin,10980.5,5413.781151085796,10
density_decrease,4,point_count,40.0,80.0,points/bin,2953.5333333333333,1551.4498531739853,10
density_decrease,4,point_count,80.0,,points/bin,0.0,0.0,10
density_decrease,4,retention_percent,,,percent,76.00062201565973,0.0003637672144511812,10
density_decrease,4,retention_percent,0.0,10.0,percent,75.93581163897042,0.05836069470469681,10
density_decrease,4,retention_percent,10.0,20.0,percent,76.03082832876858,0.15969983418237266,10
density_decrease,4,retention_percent,20.0,40.0,percent,76.03905622823392,0.21087329061814225,10
density_decrease,4,retention_percent,40.0,80.0,percent,76.2612716198303,0.6267502928872072,10
density_decrease,4,retention_percent,80.0,,percent,,,0
density_decrease,5,point_count,0.0,10.0,points/bin,47278.76666666667,12112.851650719813,10
density_decrease,5,point_count,10.0,20.0,points/bin,23611.2,7586.162861941552,10
density_decrease,5,point_count,20.0,40.0,points/bin,10115.633333333333,4990.574635880751,10
density_decrease,5,point_count,40.0,80.0,points/bin,2720.8,1428.6797946200386,10
density_decrease,5,point_count,80.0,,points/bin,0.0,0.0,10
density_decrease,5,retention_percent,,,percent,70.00037640415948,0.00022252364899687956,10
density_decrease,5,retention_percent,0.0,10.0,percent,69.93237195851981,0.05588921053657364,10
density_decrease,5,retention_percent,10.0,20.0,percent,70.03516040997499,0.15772459374952708,10
density_decrease,5,retention_percent,20.0,40.0,percent,70.04216309851878,0.21773791535269596,10
density_decrease,5,retention_percent,40.0,80.0,percent,70.28351605726559,0.7500751299993976,10
density_decrease,5,retention_percent,80.0,,percent,,,0
gaussian_noise,1,point_count,0.0,10.0,points/bin,67598.33333333333,17259.505459061045,10
gaussian_noise,1,point_count,10.0,20.0,points/bin,33699.8,10821.611776303796,10
gaussian_noise,1,point_count,20.0,40.0,points/bin,14427.7,7084.87558539272,10
gaussian_noise,1,point_count,40.0,80.0,points/bin,3882.600000000001,2049.9268388028986,10
gaussian_noise,1,point_count,80.0,,points/bin,0.06666666666666667,0.1405456737852613,10
gaussian_noise,1,xyz_rmse_m,,,metres,0.03465455560632341,3.481451766314089e-06,10
gaussian_noise,1,xyz_rmse_m,0.0,10.0,metres,0.03463415092733342,1.1777935804505581e-05,10
gaussian_noise,1,xyz_rmse_m,10.0,20.0,metres,0.03467237124036087,2.767759333785806e-05,10
gaussian_noise,1,xyz_rmse_m,20.0,40.0,metres,0.03467657688084105,7.325770694200775e-05,10
gaussian_noise,1,xyz_rmse_m,40.0,80.0,metres,0.034714735952837604,8.196966049661312e-05,10
gaussian_noise,1,xyz_rmse_m,80.0,,metres,,,0
gaussian_noise,2,point_count,0.0,10.0,points/bin,67595.50000000001,17259.860392587336,10
gaussian_noise,2,point_count,10.0,20.0,points/bin,33703.23333333333,10824.783958782778,10
gaussian_noise,2,point_count,20.0,40.0,points/bin,14427.0,7082.929401990411,10
gaussian_noise,2,point_count,40.0,80.0,points/bin,3882.5333333333338,2050.275724908274,10
gaussian_noise,2,point_count,80.0,,points/bin,0.2333333333333333,0.35311663515712677,10
gaussian_noise,2,xyz_rmse_m,,,metres,0.06930911094022826,6.963033702205026e-06,10
gaussian_noise,2,xyz_rmse_m,0.0,10.0,metres,0.069268302179726,2.3556103086381695e-05,10
gaussian_noise,2,xyz_rmse_m,10.0,20.0,metres,0.06934474147071719,5.53548847560242e-05,10
gaussian_noise,2,xyz_rmse_m,20.0,40.0,metres,0.0693531537374912,0.00014651377294785389,10
gaussian_noise,2,xyz_rmse_m,40.0,80.0,metres,0.06942946358689712,0.00016395055519092928,10
gaussian_noise,2,xyz_rmse_m,80.0,,metres,,,0
gaussian_noise,3,point_count,0.0,10.0,points/bin,67593.46666666666,17258.486258385008,10
gaussian_noise,3,point_count,10.0,20.0,points/bin,33703.7,10824.279896158007,10
gaussian_noise,3,point_count,20.0,40.0,points/bin,14428.766666666668,7082.568547907071,10
gaussian_noise,3,point_count,40.0,80.0,points/bin,3882.2666666666664,2050.1736800862795,10
gaussian_noise,3,point_count,80.0,,points/bin,0.3,0.3668349782048706,10
gaussian_noise,3,xyz_rmse_m,,,metres,0.10396366706937803,1.0444436368372121e-05,10
gaussian_noise,3,xyz_rmse_m,0.0,10.0,metres,0.10390245304590198,3.533407588808548e-05,10
gaussian_noise,3,xyz_rmse_m,10.0,20.0,metres,0.1040171135784107,8.303209770488622e-05,10
gaussian_noise,3,xyz_rmse_m,20.0,40.0,metres,0.10402973298604394,0.0002197703403896155,10
gaussian_noise,3,xyz_rmse_m,40.0,80.0,metres,0.10414419990144726,0.00024591481507940915,10
gaussian_noise,3,xyz_rmse_m,80.0,,metres,,,0
gaussian_noise,4,point_count,0.0,10.0,points/bin,67587.36666666667,17256.69415321286,10
gaussian_noise,4,point_count,10.0,20.0,points/bin,33708.8,10822.772124062427,10
gaussian_noise,4,point_count,20.0,40.0,points/bin,14429.533333333331,7081.660283811179,10
gaussian_noise,4,point_count,40.0,80.0,points/bin,3882.1999999999994,2050.34479003525,10
gaussian_noise,4,point_count,80.0,,points/bin,0.6,0.5837300238472755,10
gaussian_noise,4,xyz_rmse_m,,,metres,0.13861822262401097,1.3926010411526491e-05,10
gaussian_noise,4,xyz_rmse_m,0.0,10.0,metres,0.13853660405378365,4.7111926748696396e-05,10
gaussian_noise,4,xyz_rmse_m,10.0,20.0,metres,0.1386894845857409,0.0001107091706446629,10
gaussian_noise,4,xyz_rmse_m,20.0,40.0,metres,0.13870630845401893,0.0002930274539597115,10
gaussian_noise,4,xyz_rmse_m,40.0,80.0,metres,0.13885893216110687,0.00032790580887782624,10
gaussian_noise,4,xyz_rmse_m,80.0,,metres,,,0
gaussian_noise,5,point_count,0.0,10.0,points/bin,67577.16666666666,17257.853556827078,10
gaussian_noise,5,point_count,10.0,20.0,points/bin,33717.53333333334,10821.554009943466,10
gaussian_noise,5,point_count,20.0,40.0,points/bin,14431.3,7082.5402369942085,10
gaussian_noise,5,point_count,40.0,80.0,points/bin,3881.5333333333338,2050.190591561769,10
gaussian_noise,5,point_count,80.0,,points/bin,0.9666666666666668,0.6929984946450078,10
gaussian_noise,5,xyz_rmse_m,,,metres,0.17327277812640024,1.7407684151325034e-05,10
gaussian_noise,5,xyz_rmse_m,0.0,10.0,metres,0.17317075532550866,5.889007468621686e-05,10
gaussian_noise,5,xyz_rmse_m,10.0,20.0,metres,0.17336185536883675,0.00013838674839909544,10
gaussian_noise,5,xyz_rmse_m,20.0,40.0,metres,0.1733828855647998,0.00036628536113037283,10
gaussian_noise,5,xyz_rmse_m,40.0,80.0,metres,0.17357366052084686,0.00040987579498517266,10
gaussian_noise,5,xyz_rmse_m,80.0,,metres,,,0
